brand,n_conversations,deflection_rate,substantive_rate,thanks_rate,resolution_proxy,median_brand_turns,median_cust_turns,median_opening_words,learnability
AmazonHelp,82224,0.0128186417590971,0.21217649348122203,0.09426688071609263,0.026342673671920606,1.0,2.0,20.0,0.4946323542380179
hulu_support,14868,0.027979553403282217,0.34059725585149314,0.12725316115146623,0.043112725316115146,1.0,1.0,19.0,0.4793471251658679
AirAsiaSupport,6761,0.23132672681555982,0.4580683330868215,0.2153527584676823,0.08327170536902825,1.0,1.0,19.0,0.46586041063035727
AskPlayStation,12519,0.23556194584231968,0.4517932742231808,0.09633357296908698,0.036025241632718266,1.0,1.0,21.0,0.46348737590562183
GWRHelp,10632,0.011286681715575621,0.24548532731376976,0.19808126410835214,0.04796839729119639,1.0,2.0,21.0,0.4557899003334169
SW_Help,6155,0.007148659626320065,0.28870836718115356,0.1991876523151909,0.058976441917140535,1.0,2.0,21.0,0.454664812599322
VirginTrains,14761,0.028182372467989974,0.17973037057109953,0.19754759162658356,0.03915723866946684,1.0,2.0,21.0,0.4455706985924777
British_Airways,16340,0.16040391676866586,0.24687882496940025,0.19167686658506733,0.04467564259485924,1.0,1.0,21.0,0.4437467755185647
SpotifyCares,28221,0.3695829346940222,0.33815243967258424,0.14110059884483186,0.03674568583678821,1.0,1.0,19.0,0.44208838169796527
AppleSupport,80537,0.5202329364143189,0.3273898953276134,0.09123756782596819,0.02858313570160299,1.0,1.0,19.0,0.4418068629861829
MicrosoftHelps,4394,0.09763313609467456,0.3304506144742831,0.17569412835685025,0.05757851615839781,2.0,2.0,21.0,0.44016923629116417
AmericanAir,25940,0.17185813415574402,0.20578257517347726,0.1574402467232074,0.025944487278334618,1.0,1.0,21.0,0.43929656376363463
LondonMidland,3622,0.011043622308117063,0.25814467145223635,0.20623964660408614,0.05521811154058531,1.0,2.0,20.0,0.4328356367421169
AskCiti,2307,0.3237971391417425,0.588209796272215,0.09839618552232336,0.030775899436497615,1.0,1.0,21.0,0.43162680885722143
Safaricom_Care,9337,0.2343365106565278,0.3054514297954375,0.13848131091356966,0.04273321195244725,1.0,1.0,15.0,0.42910887507237616
XboxSupport,13333,0.28943223580589517,0.29543238580964526,0.12360309007725193,0.035550888772219305,1.0,2.0,21.0,0.4256101256079535
ChipotleTweets,14385,0.008967674661105318,0.11616266944734098,0.08745220716023636,0.009384775808133473,1.0,1.0,15.0,0.4246466461967298
SouthwestAir,21387,0.1798288680039276,0.15383176696123813,0.19577313321176415,0.027914153457707952,1.0,1.0,19.0,0.42337096906781546
marksandspencer,7925,0.12744479495268138,0.2170347003154574,0.17337539432176657,0.04151419558359622,1.0,1.0,20.0,0.42276014552783525
GloCare,3209,0.06170146463072608,0.2879401682767217,0.13462137737612964,0.03427859146151449,1.0,2.0,21.0,0.42071250399799576
Delta,25904,0.19139901173563928,0.10859326744904262,0.19780728844966028,0.01771927115503397,1.0,1.0,21.0,0.41401255651828245
Tesco,16565,0.2938122547539994,0.21189254452158165,0.1899185028674917,0.030908542106851795,2.0,1.0,21.0,0.4122761468416932
BofA_Help,6498,0.05878731917513081,0.1698984302862419,0.10280086180363189,0.01662049861495845,2.0,1.0,19.0,0.40974554511675204
O2,9485,0.3202952029520295,0.28950975224037956,0.1419082762256194,0.030680021085925144,1.0,1.0,22.0,0.40921791749882613
AskeBay,5530,0.31139240506329113,0.344122965641953,0.1298372513562387,0.03471971066907776,1.0,1.0,22.0,0.40883113898135603
JetBlue,5140,0.12295719844357976,0.19649805447470817,0.19552529182879377,0.04182879377431906,1.0,1.0,21.0,0.4081538960891329
AdobeCare,5085,0.12920353982300886,0.1950835791543756,0.1767944936086529,0.04129793510324484,1.0,1.0,21.0,0.40646791957908524
VirginAtlantic,2747,0.09173643975245722,0.22642883145249362,0.2522752093192574,0.052420822715689847,1.0,2.0,21.0,0.40620410784335526
Uber_Support,41848,0.30919040336455744,0.11274134964633913,0.08076849550755114,0.005854521124068056,1.0,1.0,22.0,0.40551927423917083
nationalrailenq,2154,0.004642525533890436,0.19637883008356546,0.25162488393686167,0.04688950789229341,2.0,2.0,19.0,0.40498545688665
VerizonSupport,8072,0.091798810703667,0.13961843409316155,0.11719524281466799,0.01672447968285431,1.0,2.0,20.0,0.4044263022958125
HPSupport,3839,0.3203959364417817,0.4050533993227403,0.06407918728835635,0.014847616566814275,2.0,1.0,18.0,0.4032010419237101
AldiUK,6590,0.29544764795144157,0.2793626707132018,0.12169954476479515,0.030349013657056147,1.0,1.0,19.0,0.4013106666055343
McDonalds,8121,0.007018840044329516,0.07720724048762467,0.03250831178426302,0.0033247137052087182,1.0,1.0,9.0,0.4001288425171087
AskTarget,11101,0.37744347356094043,0.26439059544185206,0.11701648500135123,0.03125844518511846,1.0,1.0,21.0,0.39992378002822165
DropboxSupport,3170,0.24100946372239748,0.2946372239747634,0.15047318611987381,0.03596214511041009,1.0,1.0,21.0,0.39542633175830166
sainsburys,10748,0.22962411611462596,0.13323409006326759,0.19780424264979532,0.02837737253442501,1.0,2.0,20.0,0.3940149404481762
AskAmex,4264,0.03377110694183865,0.10436210131332083,0.15408067542213882,0.018527204502814257,2.0,2.0,20.0,0.39008030755848433
AlaskaAir,5567,0.1401113705766122,0.12196874438656367,0.22022633375246992,0.02317226513382432,1.0,1.0,20.0,0.3862246093660757
ATVIAssist,11045,0.2520597555454957,0.1180624717066546,0.08972385694884563,0.012675418741511997,1.0,1.0,19.0,0.382829870781483
ArgosHelpers,7513,0.3764142153600426,0.16850791960601624,0.19406362305337416,0.029681884733129243,1.0,2.0,22.0,0.37017691460417756
Walmart,2401,0.0024989587671803417,0.06622240733027905,0.12494793835901707,0.007496876301541024,1.0,1.0,16.0,0.36831707395993973
idea_cares,7509,0.3212145425489413,0.13543747502996403,0.05673192169396724,0.009055799707018244,2.0,2.0,21.0,0.36460976978078113
VirginAmerica,2082,0.1431316042267051,0.1378482228626321,0.16186359269932757,0.021133525456292025,1.0,1.0,20.0,0.36260548135869386
GreggsOfficial,3334,0.1739652069586083,0.10827834433113377,0.08938212357528494,0.011397720455908818,1.0,1.0,18.0,0.36092802571152277
Ask_Spectrum,18371,0.5785204942572533,0.1948179195471123,0.08137825921288988,0.007185237602743455,1.0,1.0,18.0,0.36054831076195015
Ask_WellsFargo,5991,0.37222500417292603,0.17325988983475213,0.07027207477883492,0.007010515773660491,1.0,1.0,16.0,0.35792186703721457
airtel_care,4003,0.2990257307019735,0.1383962028478641,0.09318011491381464,0.014738945790657007,1.0,1.0,19.0,0.35412714739731305
AzureSupport,3293,0.3088369268144549,0.1357424840570908,0.18341937443061038,0.0315821439416945,2.0,1.0,19.0,0.3529322120115575
AskLyft,10125,0.5838024691358025,0.22232098765432098,0.07249382716049382,0.013135802469135802,1.0,1.0,21.0,0.3518150599378937
sprintcare,13166,0.5306850979796446,0.11073978429287559,0.06007899134133374,0.006911742366702112,1.0,1.0,18.0,0.3421315330353377
TMobileHelp,22416,0.8592077087794433,0.2867594575303355,0.08016595289079229,0.00472876516773733,1.0,1.0,20.0,0.34115929007436063
Morrisons,5909,0.3665594855305466,0.06413944829920461,0.19055677779658148,0.012354036215941784,1.0,1.0,21.0,0.33845871890461854
ChaseSupport,6740,0.5455489614243323,0.17359050445103857,0.1089020771513353,0.015578635014836795,1.0,1.0,20.0,0.33805787272386995
AirbnbHelp,6026,0.693826750746764,0.25290408230999006,0.1598075008297378,0.027713242615333554,1.0,1.0,23.0,0.3330081864055904
UPSHelp,15154,0.7412564339448331,0.19381021512471955,0.09139501121816022,0.008644582288504685,1.0,1.0,22.0,0.3314308187090002
CoxHelp,4817,0.5225243927755865,0.16483288353747144,0.10193066223790741,0.012455885405854267,1.0,1.0,19.0,0.3299140764620714
AskPayPal,9435,0.7697933227344992,0.18071012188659247,0.09549549549549549,0.004345521992580816,1.0,1.0,20.0,0.31067847293460393
TacoBellTeam,3105,0.5056360708534622,0.09887278582930757,0.08148148148148149,0.010628019323671498,1.0,1.0,19.0,0.3071726495718831
comcastcares,23800,0.8303361344537815,0.0873109243697479,0.08600840336134453,0.002773109243697479,1.0,1.0,19.0,0.3064769703645672
AskPapaJohns,3153,0.6971138598160482,0.1652394544877894,0.08563273073263558,0.008880431335236283,1.0,1.0,19.0,0.2915124011373576
ATT,2000,0.619,0.1445,0.09,0.0075,1.0,1.0,21.0,0.28673679973983884
Postmates_Help,2998,0.8168779186124083,0.12975316877918613,0.06804536357571714,0.007004669779853236,1.0,1.0,21.0,0.2644804780976603
KFC_UKI_Help,2015,0.7161290322580646,0.039205955334987594,0.06054590570719603,0.0019851116625310174,1.0,1.0,22.0,0.2493731283388014
CenturyLinkHelp,2928,0.8777322404371585,0.06967213114754098,0.08299180327868852,0.0017076502732240437,1.0,1.0,20.0,0.24086653210274409
